"expr.AMFR","expr.BB_S4","expr.BECNI","expr.BTG3","expr.CA12","expr.CTNND2","expr.E2F3","expr.ERBB4","expr.FGFRIOP","expr.FLJ10916","expr.FLJI2650","expr.GAMT","expr.GFRAI","expr.IGFBP4","expr.JMJD2B","expr.KIA1467","expr.MAPT","expr.MBTP_SI","expr.MELK","expr.METRN","expr.PDGFRA","expr.RAMPI","expr.RRM2","expr.SCUBE2","expr.THRAP2","expr.ZNF552","status"
6.79004436572487,5.96245789240493,6.22588626018886,4.41695268220775,4.84080341553952,5.94020809414704,4.51724566493657,6.00856499739833,5.12059521624898,5.96035306508281,5.66573786961655,5.3957888454256,6.39380310598428,5.95485761505079,5.37182337184177,5.46585940906348,6.17650168420719,4.62986279857846,4.50578511508062,5.01994515586648,6.11408475365577,4.93696004881557,4.8187481324326,4.39538821978558,5.91043343445647,5.63032608504825,"not"
5.47642589431871,4.60158075166955,5.76519737235767,6.63519167766206,4.31006731405275,4.59358331673617,6.42668423117303,3.7833347231316,4.88068604934087,5.48382966085402,4.93363185206122,4.50820323449518,3.1008127500045,5.81202981941032,4.90515625289604,4.76038601263073,4.64880709491672,4.29621680826043,6.20796608903365,4.53654546101261,4.6946909119265,5.08557577675978,5.76341837255208,4.1257317889637,5.27466483788281,5.25922824473624,"not"
5.97507598525242,4.98516020878727,5.91868415486841,6.11406484996751,4.79117661197153,5.14402917726679,5.59346152823095,5.14080939063725,5.1018887717514,5.94313002911606,5.63577126403966,5.17462880253459,6.97645077292344,6.77953546917823,5.42032701304288,5.44778423730432,6.2584455419029,4.13989296963492,6.07844009012225,6.12976019761114,6.44639260888497,6.26916825081354,5.71153567411099,7.61690867388715,5.56588346261494,6.2415927165064,"not"
6.10913646547996,4.88315034672811,5.41688675961104,5.34103915531586,4.66649103596967,5.15639083313513,5.80681428097393,5.15745632037953,5.05106681239059,5.78017545324078,5.06894193735731,5.1768218230546,6.1683337668902,6.66796518967817,5.22171706033924,5.56569978820792,5.06225098650798,4.27819689123065,5.51409384751668,5.15996867506323,4.71386314289057,5.02443957507265,5.85911531260198,7.18839763064268,5.7475345722287,5.73136197308937,"not"
5.99413098899002,5.02641021321162,5.97911611811462,5.27599506754354,4.64987582937194,5.09945170769335,5.27418859496944,4.54278294917813,5.36854747234487,5.0967334764728,5.55263007327428,5.4499821018312,5.3059332916267,6.64878245706651,5.26366380804816,5.85298378367248,5.92631450569666,4.46841990400766,5.10781040051009,5.85878136607884,5.11106567659515,5.61297846015513,5.46845246922769,8.35988419602357,6.20767411381926,6.08749265096134,"not"
6.53944866295647,5.41753492833518,6.5083189611421,4.68024519041535,4.56923415236369,5.35890434059698,5.46533068114935,6.07624218115038,5.06545801937518,5.83616362266963,6.23764275199191,5.01646493533646,5.24186870077733,5.31976569775391,6.18407878538736,5.35425336687827,5.18358109105061,4.82756145440847,5.715431032672,7.03166175030206,5.07639182316092,5.60056041161859,6.25035740860686,8.88438860068029,5.76915190049683,6.58026736222122,"not"
5.69139945387754,5.05035588229119,5.91781262479388,5.15459998673414,4.63099386599755,5.27013391807375,5.54955845880659,5.89877617735405,5.11670555782332,5.23146684145455,5.49325072583701,5.15852067356908,5.56995770566771,6.16221735995786,5.34396450133326,5.83092013755029,6.45601348277539,4.14816806958603,4.26585230435691,6.45298227270342,4.7883996638303,5.53696018130917,4.72202834963774,7.25578899481866,5.5833760007931,5.56134295075695,"not"
6.51259044049143,5.62307843724124,6.09553172676725,5.57018822291323,4.6582463900472,5.00180979704694,4.91530578077171,5.47694878983309,5.22570366203552,5.81424097348736,5.72912203240396,5.3184091677157,4.62997010989357,7.352832049454,5.67647979212819,5.69141295325319,6.35145187404396,3.96911008339042,5.12337451999191,6.05531689538279,5.70423237343657,5.38823119401684,5.60723486288197,6.91162777119601,6.28261061300092,6.18135943701554,"not"
5.90561794604887,5.42342462558763,5.99718565034259,5.0021090487518,4.55449880343644,5.09742442416865,5.5563182792729,5.96643387738274,5.10165141914473,5.66168883860914,5.35945009455078,4.98911879896728,5.79450944028908,5.6629188126012,5.47450766553675,5.75192798663761,6.06581976547955,3.9460514157236,5.30058479399044,6.48358583024014,5.07246389671919,5.08040386465088,6.297976347272,4.46205703457937,6.15688576090129,5.84402835788411,"not"
5.40766492338332,4.81557696793258,5.95118667535941,5.47114188556932,4.95042516969723,5.18466142769943,5.13526299961157,4.43513602895325,5.28376194853884,6.08987672890728,5.33317279647051,5.38586110180985,3.57980650032179,4.63616485009031,5.18954548323095,5.63336001035966,5.45694159654036,4.49684528086625,5.86898330464174,5.46895425606315,4.8463500997884,5.24572849642246,6.86157311103219,4.34125802414534,5.57335862955285,5.45582953310004,"not"
6.76892300433199,5.22532723092066,5.82476630821511,5.35499538723989,4.53997331485238,4.82556596563308,5.05276203706194,4.55779132546101,5.09734495890868,5.8569698334959,6.11549248713937,5.6014322383724,6.59630906277936,7.03694852544281,5.6089844969873,5.60085603127649,6.05925519621512,4.84081921682258,5.65583095872301,6.73290534000447,5.07978815278457,5.07748364552072,5.95234422891496,8.60844423497159,6.18415920016269,6.53712918299627,"not"
6.66011922005522,5.38789752472571,6.01506143766294,5.95826318127945,4.69174229984913,4.81965233542318,5.22079356709315,4.83655171182071,4.98146048478665,5.94671035244554,5.81419321642751,5.39579338105638,5.53617611630587,6.76098231674376,5.19310128490356,5.95686533833307,6.33874247708552,4.34995788514838,4.83093430062488,6.21403993704908,5.31535145910382,5.64727561321576,5.37075430043754,8.03582604123444,6.16705936336067,5.77047804269447,"not"
5.46904699580599,4.55294593207638,6.04287033516788,5.2267891409081,4.57783495976803,5.25533679397357,5.26175192503878,5.1402941983069,5.30605237409641,5.45901513874508,5.33782169332533,5.06648618683626,5.60528354953647,6.72842045745053,5.21933368124564,5.68872636480222,5.49533047208498,4.02597114169293,4.3729354346621,5.40254674270872,4.78343351932119,5.11926844882431,4.86780364498871,6.21409396627891,5.6115246317284,5.79439375310709,"not"
6.64939638230866,5.14811056606126,5.96478170532472,4.38596511865375,5.38508663089743,4.90654804156886,5.24023264146132,5.99297840065326,5.20203221160988,5.54552894519595,6.25869196724146,5.7006141274074,5.31226958016604,6.54263477145988,5.25346643341014,6.87924160040854,6.33649426028684,4.60095029475817,5.38717038001704,6.64175250315312,5.55211038724601,6.04033804113872,5.16004905814608,8.53985447395932,6.17379652051435,5.54741712202832,"not"
6.41196439824742,5.39745656991256,6.16036941800919,5.35075088563227,4.41547108189324,5.23446127916624,5.56118919449108,5.55205995557025,5.0889596030912,6.34675853796978,5.19813785074613,5.28118646700661,4.93209700976577,6.84126712521204,5.66209899805568,5.80620668358174,6.08827757434391,3.89074829514929,4.98018983222154,5.96350221982186,4.90706576625444,5.09376860554537,5.6509441276402,6.86827197135394,5.72564833150682,5.90579499673894,"not"
5.92518584606859,4.80230646092006,6.32300679413344,5.14464740449081,4.84140368883986,5.17552241720862,5.53496532154934,5.08553247854953,5.36741889879786,5.80036154604668,5.40264584984362,5.05820566700367,4.96649530110205,6.20010747065263,5.30207031541734,5.475530061972,5.46459210914151,3.84110685705791,4.26605165100595,5.45060058947687,5.3221217799282,5.12427345532017,5.12752311435206,6.98889277177508,5.46092929172158,6.09345915444664,"not"
6.1993746564816,5.45120153039671,6.31359876962833,4.4653602674621,4.45816789543744,5.23780273868205,5.44794354050385,5.31921253405965,5.03784830504833,5.90679950622673,5.61455774090778,4.65756337526942,5.9134813837829,7.54342693660483,5.1169393644663,4.96396288589782,5.1760550953275,4.02029248594207,6.07645346363585,6.32121423796837,5.69909483816915,5.0494456666611,6.72765804654356,5.62085728328193,5.80466196550174,5.79142698450825,"not"
6.12705475641423,5.54962457258064,5.95652107350978,5.6839810473593,4.63567029263642,5.28279247667276,5.45708451691582,5.57647926561566,5.20979211695859,6.10423057415251,5.5221726645105,4.848265373104,4.62069898760572,6.34094114500729,5.76199477740454,6.16402612992975,6.25139508322892,3.89549923679496,5.17102930087735,6.7794433839072,5.20199917887444,5.28377716835098,5.21646719305853,7.95449515823954,5.98654245345519,5.9045577101084,"not"
5.79966218921451,4.81815026373584,6.02062278369692,5.45739588461159,4.44168490737243,4.99910912225763,5.6574697391246,4.55250753340479,5.02322899285853,5.40645851266723,5.15634473239348,5.18797780934305,4.16508878808118,5.02009705677454,5.19432813247593,5.17044422151992,5.63192120753878,4.37405872502467,5.00809874644426,5.35737841367724,4.7526069492618,5.01464723548611,5.74535618656613,7.21967864268194,5.64156658744827,5.26537053139926,"not"
5.98818417255784,5.18311973585011,6.13506909720059,6.22758848747423,4.46739896081993,4.80215865582544,5.60983070512805,5.48348071495786,4.85292829806622,5.99609132703497,5.31488929054173,5.8855677765801,3.86331163815416,6.1086785319968,5.05773514159616,5.59901807758068,6.16054834934622,4.61281092108404,5.14827324326357,6.55507520206871,5.01730632653029,5.60356795487949,5.65948570007411,7.39217327035166,5.87367713644203,6.16426593051778,"not"
5.9484396070507,4.99933839035396,5.67734609258316,5.71638604822242,4.98026542969937,5.30527808444363,4.43128454657514,4.10643451663879,5.26123835830662,6.10076728199843,5.75862728826002,5.65186091277451,4.79834925278283,6.11358040474182,5.28273661458101,6.30699947721368,5.31062259571768,4.4219189972202,5.4668737836829,6.61743238930667,4.91089598683874,6.97871687791948,6.42682982313402,6.68339348591268,6.41939865920893,6.19301054120267,"not"
5.58502146093513,4.54703988825725,5.95793878688281,3.98120945817704,4.79840695452255,5.0673621333398,5.20480856329031,4.73367773019249,5.18844669541232,5.84994994472118,6.12707440322997,5.62867451550261,5.5514817492742,6.0703704550233,5.18751428920653,6.30470105579538,5.52932789191513,4.27378140667586,5.9963600445821,5.7981042873988,5.10176705950335,6.78550289565409,6.76781827128394,4.84988734450702,5.4861570040259,6.13983282675058,"not"
6.46520804930267,4.92924445588074,5.63905904753568,4.45593150584685,4.62636400199509,4.85341992289615,5.42933247097314,5.33296513973118,5.23093747921672,5.79537362622803,5.26983558411239,4.85004391743901,4.49696674415356,5.88216851969504,5.56376916735819,5.44033328854066,5.72800993843123,5.51633982743395,5.31494338513352,5.57363582351636,5.06533810281172,5.50382633865044,5.85995967113938,4.50493540019225,5.84972527610644,6.1502764892102,"not"
5.89654654039374,5.01534418982399,5.94533421744041,5.06688959564613,4.47361284364358,5.16998386999647,6.0403094716828,3.89915456102008,5.13743239553039,5.65485130054533,5.12419014430224,5.55563816486381,5.09451677807696,5.68508543597164,4.91819100370498,6.50846506690206,5.37635780178055,4.72499557905644,5.37777528788275,6.6435045362329,4.4179992901327,5.0312415199892,5.56191164347073,5.67773277497289,5.59024790148908,5.71669211878888,"not"
6.42653214582373,5.05050963973912,5.38397199023067,4.54133062052408,4.74878556389997,5.32258549881548,5.76389559312808,4.51630290605733,4.85930840140452,5.4671272166449,5.31367384986873,4.60720810801366,5.0189142620035,5.22211104054278,5.28343212904859,5.64907634562412,5.42567398442897,4.17896600225284,6.56970159252807,6.16763178822458,4.87408983993888,4.88348350843577,6.83794207111128,3.650403663437,5.51378352193429,5.91184216775079,"not"
6.54212175509983,4.61616947144646,5.86527187437001,5.03703052145578,4.50251046434494,5.09245488371808,5.18701143409642,4.81651642182266,5.31017182399504,5.5284007812079,5.345820989192,5.23912983662022,5.06858339605045,6.99402471413431,5.53233755223708,6.20443048174156,6.34878490772056,4.30340541620568,5.46256405261446,6.04223845663857,4.5920940649389,5.06941979255113,5.60381848264702,6.64492060388891,5.81837226919248,5.84329511059477,"not"
6.19872665323313,4.98949337034283,6.04722559619952,5.61962882864277,4.38130887714757,4.90580796960009,5.85559900390083,4.09649558045607,4.93968336204552,5.2001972425457,5.21992870684929,5.40298364127639,4.12436280582986,5.48166339838818,5.00878024121578,6.06229106976195,4.63541613073392,4.67745363757311,5.94415803178709,5.50676546671164,4.44646983876893,5.86518678319477,6.87238817114484,6.06996606776269,5.62434236316289,5.8604955829434,"not"
5.74012404705864,4.79796174056516,5.80129628528772,6.36184119254365,4.48395576987374,4.87435727580363,5.90467496370215,3.98940432860377,5.14967233611347,5.76845536176626,5.02341988845567,4.77861075664263,3.6457866540987,5.13546308670897,4.93117352875415,5.14649397647987,4.78233492757002,4.09708247737608,6.60516800723238,4.97106945472711,4.63952330235975,4.8957480615519,6.21741216335492,4.68896890792342,5.40733319340847,5.12110871654089,"not"
6.10574590347977,5.15954942998537,5.5676305084691,5.3472789445967,4.55094100715895,5.16112786261413,5.48479278410445,5.88634289180964,5.20418249579736,5.70268854319797,5.25100036673895,5.51014513520392,5.43834449115058,5.67150374342587,5.19735826156671,5.79771594966145,6.11232506467763,4.51525751339863,6.04713810910085,6.22748681064555,4.70489786697803,4.89698122252355,6.7705749513701,6.56988806983902,5.91722848982863,6.01973125281629,"not"
6.27952467308852,5.12933050618578,5.98506914001912,5.84639542151682,4.38165281481194,4.76601271110492,5.48676180684134,5.83348822550268,5.081292557492,5.6309142465227,5.52673100651776,5.31024593741331,5.64557409803349,6.36162712262484,5.23019911247175,6.13802290664584,6.39655625217657,4.21957829092017,5.38903063308163,6.14871185599807,4.60030436706856,5.4967829051653,5.65387418561807,7.62175845342146,5.60597116964428,5.51357792858512,"not"
6.00719763052198,4.59704627621205,5.59982097991208,5.84730689524216,4.87915132787264,5.12523697832002,4.96774171087261,4.99777968032613,5.14692454699244,5.38437120190764,5.48519104668921,5.00476476286451,5.6683590759033,7.32129437124675,5.32368779814768,6.49795227579698,5.50469007007452,3.95871955093527,5.75213127159618,5.98773008266784,5.16762194874272,5.07005448378888,6.61138087073616,6.73890102953964,5.55059244436849,6.1264302231561,"not"
6.74243714123631,5.11497128510789,6.15876552436759,6.04583435417351,4.53370103676889,4.70446333233063,5.55844836991253,5.24649761781824,5.01084860467727,5.78611179680232,5.03497662548241,5.81041917564301,3.75891844489391,6.51695609847676,4.99796199265466,6.02539001516433,6.05603900509982,4.41320184826503,5.58331208128654,6.51957639939873,4.93217633163594,5.82568147255097,6.0877560634259,7.03804642768171,5.80049470143619,5.96642875063676,"not"
6.50730756268576,5.24672929187494,6.04219805984702,5.08665144451928,4.83647236500367,4.92425644429185,5.36145177738395,5.35521269022725,5.5195951784524,5.26401573485102,5.06447301534921,5.02414364412105,5.64859740660573,6.96643919531791,5.47967595984143,5.77352617531148,6.17865682681549,4.63784064684902,4.96222205888018,6.41130253539966,5.67120074129221,5.01521147406114,5.17663549028066,5.24370805392835,6.20520603724173,6.02559298970864,"not"
5.96689261473546,4.85279559597831,5.80368210679433,3.97297416216155,4.65245445496153,4.95181196564306,5.42927545105343,5.81725103113316,5.08013648081357,5.42825292690979,6.30438664326893,4.89778009667617,6.06425021683363,6.88082386213872,5.33543009022109,5.54507587682174,5.64574367338895,5.57033869724097,5.58691526949901,6.14251471101383,5.37927504012796,5.70770477237957,5.44655200966025,3.94586582204562,6.44850482653933,6.04169652850209,"not"
5.98154299084082,5.19874009564594,6.14139203609093,5.18373109080556,4.59000781602618,5.2329785252397,5.6971136205309,4.67300638879166,5.35688340033713,5.93331623171241,5.38790666783364,5.44574550061447,3.85930764775615,6.62818554568079,5.21439756933339,6.2252077233888,5.59316743740688,4.10290614042567,5.57100127675571,6.5670619460557,5.33740826358326,5.13269952272432,5.76905197856076,6.32766889070621,5.50746340821839,5.76393325873907,"not"
5.21344007441493,4.97090992028987,5.42248884149123,5.94740816091106,5.05343932308782,5.42599792638281,5.42482666185579,4.66937427620988,5.65863167994053,5.80471319323464,5.65003705345458,5.0583327980378,4.54434104325868,4.76671914521677,5.36506438465987,5.29955659838299,5.07739306961614,4.24077264224544,6.17466904732598,4.80436524778367,4.98929588655799,5.58416525791766,5.93758105895774,4.15535655997918,5.98496597706812,5.58801615406226,"not"
5.61056643394453,4.81164762599312,5.95139747589474,5.76098320241572,4.35431879334678,4.91239749967392,5.83088784790631,4.10416617191977,5.08644134750312,5.24769752954767,5.18415713560277,4.91180893978936,3.5990203899456,5.13707409364254,5.09887813474539,5.53595142156456,4.81521066578108,4.32599846422111,5.57364341679023,5.85386202151324,4.78625764826723,5.43829667660148,6.43081565121528,4.6305552417112,5.08597155920828,5.40474731016388,"not"
6.00273084338188,5.05815481006423,6.07646264881831,5.7003214923605,4.7581058422588,4.95429066668935,5.22503136417688,5.608676607312,5.22169006971308,5.39042241540341,5.63733991977407,5.29916200973653,3.53348216425784,6.91627884992301,5.49820866745205,5.97981191816723,6.37776892186196,4.40975366315441,4.83954641391541,5.47807731188171,5.5852579141382,5.86669182792869,5.20279166352025,6.35709502031814,6.22092609776515,6.02502020563619,"not"
6.30762474098871,5.62610917992769,6.39739621302779,4.86476137827335,4.50689561671975,5.17575417412491,4.62035432131313,5.31384616816566,5.53875058639921,6.51518665260899,5.39789117144413,5.63803433333414,6.03617497187504,6.56009670796999,5.98539617170638,6.75536138842987,6.40683460550168,4.32717438312573,4.65062144889201,5.78031132364532,5.3963511068194,5.29053717922907,5.44858910442634,8.28575029562052,6.09555425563236,6.55873666469232,"not"
5.97802463474128,5.30479633264575,5.94350778556209,4.82213468622559,4.54701127181456,4.94149955526139,5.35828294771547,5.07066365975594,5.34252562121236,5.90941357421911,5.38316390195815,4.83118959804777,5.34534407197579,6.22206026194723,5.51068304469037,5.21873288720519,5.0820718440341,4.32585302986794,5.95358093963035,5.49046548415973,5.2669298933064,5.74402830322473,5.98499365597767,6.42313332071278,5.811679769966,6.07842175596388,"not"
6.08720645188748,5.54685572288219,6.0429178286969,5.05847262351042,4.37801861327634,4.85148323932894,5.45702905770286,4.64111631276156,5.1525398669347,6.58361666951974,5.1917895031382,5.47671456644983,4.28634138453947,5.11379338619888,5.59742145866479,6.19786877441789,5.03462847514954,4.01836304119947,5.57359785628207,5.98946254443731,4.98620598017308,5.18139021451875,6.15981394633505,7.0735323948214,5.57795466641671,6.12558014405193,"not"
6.47692620797841,5.41383116276038,6.11111250937388,4.86310156278797,4.66334475003916,5.30836670240104,5.34286042929871,5.52001988006584,5.91263776656201,5.99388661154036,5.44449347670564,4.72526166624591,5.32500798180108,6.26208311244638,5.63571774374207,5.79557131028393,5.81276392680387,4.3125425711433,5.30126302383661,5.57939014565988,5.37638890196819,5.26243108798363,5.68249073918858,7.28269932202235,5.73159217529547,6.87984950972843,"not"
6.28571872588014,5.46696249252575,6.10864740269233,5.37161429560949,4.8490570984402,5.27392220971331,5.55933457029033,4.94470914398009,5.0982798039483,6.00551537033064,5.41472167441814,4.77457535084882,4.49032034430915,5.23633557419216,5.6708115243195,5.20598275534524,5.38237124946029,3.81043314966651,6.08875004740883,5.12527264653429,5.31713912078862,5.4247737905006,5.88896105737313,4.61927031036687,5.50084996395812,5.96640311651261,"not"
5.5357976539623,5.0902471397313,6.06047741839494,6.08742224450026,4.34016243057518,4.937419231765,5.91385429528019,4.6469836888015,5.29896715538953,6.12601729297366,5.31934473374011,4.64410239598988,4.2640873368092,4.6168022702178,5.27694050078845,5.15282905979943,4.91859310193202,3.62540703115836,6.65739468137437,4.64082686319613,5.15051317177964,5.23185699984777,6.91878423582987,4.12325590571652,5.35550078007549,5.75864937609704,"not"
6.4741838632512,5.7673830560658,6.30990009624304,4.91133047968565,4.59572572716009,4.87496828934131,4.91434463377797,6.03884896176964,5.25905665259473,5.95645893790917,5.23511129064424,5.43842707453268,5.90443498813488,6.13612750334854,5.82230597684031,5.23287176747297,6.29861830974936,4.06628796443958,4.89828746092981,6.01747336628903,5.68978496501235,5.30935621366325,5.60027209828654,8.61449048650769,5.92372089502146,6.66203375265468,"not"
6.18803822487957,5.23856736214226,5.91948507731582,5.56675927848953,4.23642266081509,5.04058237046421,5.52855569033811,4.60015764416455,5.18071556446786,5.93893364509469,5.24917964198649,4.84221664247129,4.22434890879269,5.7752966095302,5.36555536581371,5.28796395446854,5.4501582379634,3.76815263500844,5.87540814496166,5.57674424148548,5.12509429273934,5.1510347143986,5.84669885684046,4.35169628486605,5.38215287246027,5.99266382768346,"not"
5.72740134025484,5.5164081742256,6.07757343364225,6.14349870296348,4.54372022367187,4.99916981598698,5.5991624255261,5.00522066139476,5.28639659565234,5.76384223108386,5.40972456412217,4.84229553482272,4.23627805811077,5.40681296270134,5.37430571254737,5.17885792651071,5.1054453488589,4.03317812698461,5.97230721156629,4.80745775542292,4.99788772127375,5.34223855360596,5.98204532519149,4.47129587743176,5.34534407197579,5.78231635231031,"not"
6.22685282483863,5.41978250382921,6.04741945925243,4.71357605983188,4.77651505206841,5.2806115394291,4.99579234722648,5.62992062605775,5.46264465996971,5.8252918920534,5.58994165823244,5.17196017767151,4.41582401425717,6.27878405384075,5.69980791990079,5.62021968988551,5.18682699051467,3.94874058836331,5.23846119939467,5.81407082855032,6.240041899679,6.58158182734838,5.79557131028393,7.55183825782779,5.51721190357283,6.4384394131729,"not"
6.0812595462242,5.56006605697331,6.31929238548899,4.86634143139896,4.76737406586295,5.40474731016388,5.17247065668206,5.40640914889888,5.43629510948994,5.97913889741734,5.96924450020614,5.3282159168939,6.17332766550178,7.37306038744632,6.04782125077531,5.28492812942902,5.65360259527976,4.2888142529517,5.61258051122973,6.29328988045639,5.63453957191404,5.20444615093797,5.7533976951984,8.56917824648219,5.90317963224041,6.18194026815781,"not"
6.20298076218121,5.20279716469062,6.05077065300539,5.90687296731892,4.50898962751412,4.91756926097671,6.1199237227616,4.94854710178283,5.35128925131414,5.90205939824028,5.44276397091306,4.41243459084526,3.75840551676255,5.54474766463744,5.48188814274242,5.25389514899529,5.04129381505005,3.96575332784911,6.45516711630479,4.55912624748668,5.03999990272616,5.28548538773266,6.16598492030981,4.43485624831841,5.49314374448047,6.08561496373782,"not"
6.4229059963199,5.33614287608802,6.30322318877584,5.99902340681079,4.7948810412139,4.88620521571808,5.74197702045417,4.9182275647711,5.45275371985246,5.77312195273481,5.51596584758027,5.24328023061813,5.85624601778267,6.45711496486284,5.95984487272752,5.9368235501488,5.9447070032655,3.99838417107619,6.05161846992773,6.31691194723011,5.40748562354869,6.6677707104719,6.33634774082107,4.97604384932664,5.92833836148824,6.21650629570527,"not"
6.10179767879233,5.42596272038371,6.30296690056003,5.05299211017508,4.42998311809474,4.88378628642613,5.14761074912333,4.53635586998773,5.10945446171066,6.0118062447659,5.28862050356917,5.57780344340028,3.88875437848879,5.27053498553559,5.80308467573006,6.25768674478727,5.30143749388428,4.07158757509948,4.9057191241467,5.36536835379765,5.2308946902306,5.07854313270343,6.15721200928088,6.2511135902345,5.59407920956424,5.99281363667728,"not"
6.80713904694762,5.73376190039739,6.51614869635998,5.56840175403067,4.68895971171777,5.37703612125943,5.49145521577584,6.53397777357225,5.6297770613457,5.74818206195289,5.43000330737341,5.16809477949806,7.07670448983566,6.72296668154439,6.13430869113746,5.32598117053051,6.09320853099127,4.4086685656203,5.66382815914917,5.9658646480577,5.58078587194693,5.47558450459472,5.71784973186764,7.89017826133232,5.94098670961874,6.32021058480274,"not"
6.16908758312038,5.42446531853605,6.48232723072837,5.21667337750753,4.50125307256832,5.26180897173151,5.67301394098457,6.31703832497336,5.30603748956317,5.80703076112775,5.36298087987376,5.12140117441263,4.26056496613669,5.89726375170916,5.62880746006313,5.70298215448543,6.15196112052154,3.98713047791495,4.70519650005522,6.07276799817202,5.17739189861916,5.08041008202907,5.62841216763142,5.73227274505583,5.70324899905006,5.92029072765346,"not"
5.93115706249823,5.37643514581199,6.4578522718434,4.3961760577783,4.27276964873693,5.07922808556187,5.39053185053585,5.35290024431833,5.38187695964697,5.97454725323097,7.07307478320703,5.44548658976466,5.51941883422802,7.70535706498713,5.85904681984221,6.11987974932155,6.73476108676092,4.46786023502349,6.15470946301384,6.44476698463031,4.88348350843577,5.9391970941715,6.5966135002652,4.0815969893996,5.72054125847116,6.11354942765822,"not"
6.43258633242418,5.32879807380162,6.01754643810648,4.33342707733781,4.44265125649032,5.38916304984761,4.9357680594167,4.74640929768082,5.39148889743583,5.93333212966873,5.31998100618406,5.21308622218538,4.55524437721837,7.88542705239753,5.59805152002396,6.04084977228873,4.97802601053063,4.22112404525323,6.09505850331809,6.85451271758642,5.27084338954728,7.52276793013785,6.49624694732669,5.75374655269365,6.04339263996834,6.02745890733136,"not"
6.206475115192,5.58814713105728,6.37186822462078,4.34568676789499,5.05343932308782,5.12307072342604,4.95547488291898,5.52206073793421,5.35261613995542,5.59638284437951,5.7084382861924,5.21145143352638,6.81534389361052,6.81973248158838,5.65644625299991,6.0800476050265,6.3729272210645,4.27095539940809,4.63937835731783,6.23305686849065,5.64300575794059,5.70171366948709,5.16535723929181,8.38887788561286,5.93814288117558,6.51205731663294,"not"
6.2790653662588,5.45574837449687,6.32939999842255,4.9047561254427,4.63054549231932,5.01383018499277,4.90660722367221,5.18894882949267,5.48342670054431,6.02630066194344,5.56455872076497,5.14417502001939,5.34815460139521,6.18342698093862,6.27117744991009,5.46843981588499,5.81719300185216,3.99470837204675,4.95074373685565,5.72645679169507,5.44811573163643,5.29656583350923,5.66299520175537,7.5722354595267,5.91657934991619,6.47262446291822,"not"
6.03727408313928,5.68197984869536,5.83819681070476,5.26785815906333,4.49423862528081,5.03558803545183,6.01281010112736,4.61709875685337,5.26615567973964,5.87610981074495,5.26749726920815,4.5560849782976,4.19735231229633,4.93389822787587,5.50064577814833,5.0191324243502,5.3034665865307,3.69709560888528,5.40811303237092,6.08716101592946,5.59180753928279,5.36928828041862,5.7827784808827,4.24031905076518,5.72345437445366,5.92315893940117,"not"
7.154568480815,5.41880784488266,6.3603521124749,4.85062302422214,4.89910765260238,5.18453257724142,4.95187559888933,5.17127913337731,5.42745788337113,5.70697736555272,6.04578699896206,5.49145521577584,5.06006017742378,6.64319059536714,5.71445861465344,6.16611089133664,6.4622959586474,5.00956805813583,5.52807897016382,6.91666546511189,5.23308527161042,6.77786297113498,6.86751644772246,6.1690457193451,5.78797042508123,5.9912895317937,"not"
7.4550902511642,5.36560211335363,6.22251674249023,5.47894999791003,4.59874961818517,5.52517401577413,5.66725679330675,5.64297033525944,5.17637569574279,5.78354822090254,6.15217935014788,4.8517958614495,4.07312092577047,7.19823593175236,5.62463103635076,5.79939563885915,6.15131679917994,4.58445714439055,5.76186268573273,6.26943713470087,5.1688349087698,5.59556603286903,6.3836586503561,7.85909264001378,6.19154415882364,5.99176450211698,"not"
6.42111807568238,5.33020355541036,6.40377285369814,4.70885429726497,4.36118596880203,4.86398971375477,4.79247928429309,5.93285508100072,5.37620390520511,6.67966199794201,5.42314221699347,5.50545347971643,5.79408011263698,5.96619801986009,5.98682881870345,5.47516563887694,6.00784834667096,4.35465543787775,4.72906782264433,5.48022216984565,5.20746224820395,5.14981735822959,5.51781427694205,8.83781185011428,5.99694947733855,6.43228071140794,"not"
6.22384530377467,5.65644625299991,6.24008089439522,4.42142762003869,4.6032683786985,4.84780258988615,4.72986262994541,5.79087718150713,5.2828483356441,6.44355875581015,5.16968822395086,5.49199091167822,4.57656492897776,6.50261011968489,5.81714092142509,6.5519513841414,6.44326840442327,4.16044436392662,4.84748871668834,6.61430996424124,5.14766888020895,5.12622332990952,5.52863512161025,5.44841699479207,5.80603817536055,6.06094396687778,"not"
6.43565345005417,5.42270079383807,6.45094424352238,4.10750754874838,4.64082686319613,5.68826266299816,5.0370824641111,6.11297396450518,5.23148287836081,6.17775737462418,5.82319381353669,4.88128562206841,5.58048425831171,6.43379181994871,5.89398952572415,6.38809070654894,6.10872522413663,4.2124238502877,5.30767346147206,6.10275991662881,5.64119759946458,6.82663198768836,5.53615246660524,6.41926176042256,6.08221891037645,5.87248391962469,"not"
6.62084624099554,5.42679852819658,6.19411963599486,4.90660722367221,4.48751214251986,5.65273476414555,4.7870749892857,5.46869285232359,5.36928828041862,6.14814773172192,6.08677472691231,5.79541924909422,6.64620868013498,6.77267983778505,5.96316794795287,6.24049024713629,6.20368364326397,5.09006242772758,5.81242759010524,7.17843868935047,5.8090429853137,6.70952382836414,5.65073325356639,8.10920089265013,5.80459265321521,6.38259405644878,"not"
6.69816940559999,5.50707797749479,6.31548457578995,5.33259801302487,4.41400968052693,5.36555536581371,5.58986695052631,5.79280017097385,5.19167825605832,6.1051503115118,5.46945157770141,5.3004650586055,5.51925849430705,7.56644558128734,5.80181621492757,5.66160539575702,6.77861707928136,4.28716635364992,5.47796869478611,6.98105220804359,5.1907321558681,5.3682631172347,5.51104687951337,7.89867470455387,5.88635400020536,6.11542844183945,"not"
6.18920823578946,5.34939063673204,6.28603533776318,4.52553156332787,4.6354083690487,5.22789490225149,5.34070613303982,5.53441662902246,5.25007205392004,6.11844955886247,5.45082383826281,5.10218082072035,4.43402592978426,6.71228769051817,5.66233528474203,5.34180779762256,5.63145368804357,4.79347381445959,5.4527965638361,5.79304409572428,5.75289004876323,6.09314078413865,5.62905892846026,5.64668288261563,5.76481485646448,5.96422181071411,"not"
6.36655635469425,5.48151354075265,5.85896119729489,5.18989661759362,4.65681341913993,5.44198471636045,5.21019628315286,5.09141619077969,5.10600607812471,5.91875943663735,5.56095082554866,4.82510860635335,5.30340440559659,6.72895152744942,5.54361372250338,5.45480816330747,5.61537011675094,3.76537742508666,5.4211100551349,6.04642610518196,5.66988092298052,5.43057294566851,6.15466699295523,5.17247065668206,5.66950154067933,5.83877945944233,"not"
6.5556271255645,5.51023817783977,6.15801658268867,5.85016016578524,4.53549851273877,5.01595445557386,5.31610816755659,5.22789490225149,5.2227853039356,5.93338512103115,5.38619087179828,5.41356385455242,5.40739596157427,6.75925527066369,5.76663207036181,6.02574519358481,5.14917910354431,3.96005097443873,5.40470235725205,6.07936094901417,6.12455209124634,6.22787964061543,6.15615237284892,5.18945071156092,6.39824545583737,6.00563861866386,"not"
6.15778374642443,5.41960536375524,6.04526594357629,4.57785037533313,4.61224509966005,5.01349785970973,5.27586723771044,4.55282370561588,5.56990816609987,5.67376990281013,5.60561822586897,5.42080045076259,4.24992279404054,5.9272992896322,5.70598005819969,5.16524301232269,5.49922553381153,5.13526888509767,5.06284816554319,5.52958780507385,5.15062909364843,5.56248769141384,5.89412731421902,5.82150624929743,5.50003297044863,6.47327322180348,"not"
5.73217554915742,5.27012363217725,6.02228468944787,5.65133061465378,4.50799827423582,5.03226631422255,5.83243950686446,4.67292228803891,5.40501698520709,5.84701664274211,5.46026613353405,4.66051028102126,4.09783845147636,5.02328824021957,5.42622673517007,5.00722950096142,5.04510113097753,4.0760108555336,5.19965657972407,5.93417965468172,5.07335967066822,5.44828789312433,6.53061520262488,4.10379972099286,5.64636520378625,5.8937138917643,"not"
6.09485562469516,5.54216509942054,6.51278490796661,4.44611583613248,4.81567419375584,6.59901298879871,5.09840194135303,6.6981077453357,5.67764381704651,6.52798715696116,5.89528398863401,5.26584582640107,5.03935231819375,7.1878461107381,5.94615332439798,5.93264298629964,5.67521151766817,4.21390379727974,4.60716818865076,5.70181387156136,5.82126917011187,6.31307692082217,4.9011180028569,6.82048568683966,5.79179335197891,5.95912212418673,"not"
5.85950334965298,5.08697886068359,5.92799212415241,6.25439595840961,4.67180026828585,5.04735287703142,6.05199504684801,4.75934943683577,5.34333853219556,5.88067264145295,5.31787486576357,4.95159275346247,4.38651653994673,5.22267745233929,5.41636703332185,5.42323047824683,4.73378325345607,3.70794651683116,6.11131211681324,5.50170708937539,5.45860631147742,5.48147190964588,6.15324320267061,4.46556323160167,5.68136643537187,5.77050610669911,"not"
6.06842558824411,5.26004420432654,6.09449484992744,5.08202529018293,4.63531134290008,4.74953023649493,5.33136522059424,4.89604714933639,5.46226277813628,5.91336786137156,5.18945071156092,4.94449549159171,4.28068580701221,6.83673177572876,5.42442124334376,5.28821652436861,5.17571178358082,4.1497792691102,4.8673036545935,5.3469170363841,5.35076749154896,5.41987106210061,5.52728393116504,5.52477541883008,5.59433956327482,5.96755600205631,"not"
6.57595411589081,4.96877108999756,6.1957718040759,5.96800398772826,4.52222326516716,4.80949782304466,6.07507013096278,4.72959776436314,5.06044081563176,6.0726988522395,5.38307203241285,5.06877840814497,4.08210327579975,4.96431208449061,5.37198595647324,5.15917023513788,5.29115427273832,4.29387824789718,6.47769517851859,5.61312810638807,5.01469371422376,5.07398560959702,7.1843561814231,5.26780661134301,5.26082316212046,5.82055759512928,"not"
6.58405908011163,5.7596901065945,6.27855894691402,4.37971145671644,4.42232849394725,5.34434180485932,5.36905538105338,6.17130385901292,5.6625437266396,5.82150624929743,5.89605436230332,5.69980791990079,5.687754713579,7.7252108255136,5.99694947733855,6.0306612215108,6.31703381175753,4.51993904162543,5.43520561861016,6.59337324723366,5.88535375005945,5.62282546024273,5.7094662911245,4.94684316100848,6.3423502657731,6.67089305552699,"not"
5.94040806678303,5.08648460637969,6.05909983082286,5.5568473665325,4.43781605631592,4.89034912822175,6.26049882518728,5.22864569329872,5.26976355912998,5.68948068994534,5.2617052480513,4.60376920507246,3.96024157769862,5.34653593881851,5.45116720064225,6.296538254513,4.97511173802721,4.30635975574847,6.24377847572197,5.41182460734163,4.99525089205251,5.05847262351042,6.41285221575996,4.71420394701221,5.39721202352225,5.82138771673046,"not"
6.74417696500532,5.10739896252856,6.16449305699034,4.95297086990172,4.54329478227,5.24285750934367,5.40685782083749,4.5088795256698,5.30156209671293,5.89272097996912,5.40618473741704,5.6900553540362,5.30494535283826,6.84742123994244,5.45335336864757,5.69897091765898,5.03348881822569,4.33427967617615,5.77885902520544,6.96474979050195,5.09889034185114,6.00571256037318,5.71366679673018,6.26208311244638,5.99540676634061,6.0316223210826,"not"
6.71454667275112,5.33165542615855,6.21504800165058,4.62986279857846,4.71992642328628,5.58342111798502,5.53481140223038,6.39278775604881,5.33657607866513,5.85424063121706,5.47863692067132,5.13273492575836,6.32155934819137,6.26457851819683,6.08666108409157,5.93589898165827,6.13713832790521,4.17269352863308,4.75013595623828,6.61290088011393,5.46582134999157,5.23713321322304,5.38701482130932,7.56860135061233,5.84171666074552,6.2721031222693,"not"
7.25214608084765,4.96953548321083,5.96709500732397,4.88801558054834,5.10138965736472,5.36199614321122,5.34872526909188,5.17998417958617,5.91918950948757,6.65657227063668,5.53457455700763,5.48134700592567,4.75832036548177,7.58609841847207,5.92908369652421,4.99734739976932,6.51419033224479,4.47881299711157,4.52265776441363,6.11840552054913,5.97054729885259,5.69742900068403,5.39503564542447,6.36220017469505,6.33294209338373,6.69266669910528,"not"
6.80660809697718,5.49054799921877,5.78117552122997,5.45621814880031,4.36703989236556,5.25551424422273,5.39847939344702,4.72650247115562,5.35323159742543,5.94117075305352,5.37717475662553,5.15571639794901,4.829273276797,6.00974641078599,5.59868118465576,5.50211498626471,5.02327178297139,4.06182137051654,5.76465804537448,6.61760349262943,6.05488525622642,5.43520561861016,5.88429684391445,4.98586434510434,5.49240279026223,6.12086868431924,"not"
6.49296684341309,5.36914854730863,6.02707297457535,5.16678397658619,4.51129897037802,5.35800036870921,5.12146084918514,5.72606568289666,5.6559568451736,6.40882528746253,5.29646565318456,5.00689497448053,4.30662937020143,7.45433214269523,5.66337706002116,5.56329360146418,5.51039997050282,4.2614114673159,4.73987588884038,5.56041236399719,5.77333963134875,5.66787892030985,5.84337048886325,6.42066245774268,5.75997375430594,6.28908457409872,"not"
6.91571352794718,5.47508184467545,6.57511768072849,4.90841798154396,4.81275329918425,4.87344005491841,5.39044065542384,4.90534884976915,5.17564112868052,6.23128820867339,5.33175214263427,5.40443259733674,6.57719354090063,6.92709701577088,5.90724019185364,6.08825090954567,6.39999993707336,4.16262606963851,5.20910356600321,5.62470319162895,6.15424219313575,5.51379158355734,6.27355602124652,8.94842610624407,6.04767946043572,6.41563691157073,"not"
6.18947488878319,5.41119952360471,6.12592987847591,4.44722899791951,4.87068333366881,6.13869850432184,4.8358056030606,5.09332066071486,5.5456460846506,6.09802933733601,5.89616436725366,4.91199290196726,4.92855718306065,6.67990064793781,5.7689770305559,5.64084267488233,5.41508877957564,4.07192852293777,5.17065443505788,6.15913767089612,5.59378157944187,5.6290948473554,5.67115597182911,4.68831576707476,5.90628784970039,6.12796029169652,"not"
6.61136876590021,5.38357721049886,6.08893149033419,5.91889385427315,4.34315586028489,5.21030548922482,6.09751232654594,4.5485998344997,5.27852273921986,5.98121217064363,5.3772209641435,4.77912349311153,3.89995042419388,5.68044560929176,5.20592791725469,5.11931031072191,5.04508502882548,4.11234818666168,5.46103127703578,6.9472740246424,4.99464140434191,5.31792389618696,6.34039457647427,4.9532886272437,5.61934958868136,6.32657871911962,"not"
6.11093504708415,5.3933093139036,6.38059700059525,5.12026667660473,4.63705637485041,5.59960644240603,6.13448205394291,5.25274452125328,5.66358528490479,5.92045177986156,5.61122849304559,4.61531851703991,5.11799381241676,7.41509684044559,5.76299433428805,5.25697440301365,6.54463460589334,4.14503767653762,5.43742692225224,5.53654655528029,5.63614582594039,5.67476552558571,5.73921396648747,5.40779937716503,6.02552775238368,6.38215436963399,"not"
6.086911081252,5.51965929591562,6.05335895064557,4.57398906850452,4.48288955127926,5.43267341904712,4.83691662610957,6.18429321041983,5.76060379464937,6.1579742528546,5.40676810255284,5.23984043678906,5.02249798663877,6.36240722117772,5.67836209730929,6.48157712927643,5.6021464957735,3.88053233833678,4.61442720725077,5.64728266741672,5.66469508594815,5.3537047686276,5.76299433428805,7.09716829847869,5.88153806772938,6.3968129817434,"not"
6.32677539529294,5.51693067177571,6.27474318867289,4.49435035088285,4.5335667671284,5.50813248765091,5.54478674316574,5.82493759621267,5.43581587973367,6.22665523933286,5.95038210200675,5.55392810799975,5.18144641481662,7.56652838245075,6.04472091340841,5.5143557357322,6.2928692200133,4.03600898520914,5.18526064425574,6.94834044546085,5.75491909010358,5.88821291729751,5.62747721844613,6.77930808275677,5.67774646010536,5.94978280811334,"not"
6.11013607682548,5.44501174569884,6.26592839244525,6.33861174589163,4.56194948353353,5.70017597906209,5.48326048404694,5.34324292990103,5.45941528689036,6.11246462475349,5.79806182030321,4.91705694713669,7.05296323443599,6.58836235696187,5.5802579883707,5.60355690073815,6.75121842116191,5.15022330830331,5.39476326481629,6.86067415357364,5.01383018499277,5.22154430774212,5.67979711190569,5.76135931946022,5.6563064466315,6.21967523875521,"not"
6.8082442881132,5.51600606717928,6.50742695497912,4.47949357790009,4.68822374112338,5.67651404750201,5.4249500174814,5.4871178894397,5.31078926804336,6.35527397994731,6.08433994705818,5.14382496167276,5.78065091891278,7.64225071556246,5.90840897197066,5.35034039461519,5.8595461386391,4.37412046310278,5.63135514072061,6.12047322767152,6.12976890598511,5.71406278406376,5.88552052791174,7.14671705982334,5.82280918107784,5.80913299026403,"not"
6.40597198320038,5.53386368457929,6.44144083631152,3.84759114526876,4.48964709473255,5.43144867915122,5.8825421398838,5.04683863905647,5.42974028790846,6.20532514482327,5.58248075568819,4.76992162158858,6.22809671660275,6.87298783528876,5.58990430507703,6.0888407729867,4.76328442908178,4.91449143354335,6.05074709227171,7.20478849290799,5.32027453390008,5.8628354045108,6.75510513944764,4.09999523373092,6.04893124675631,5.92905708697937,"not"
6.74109838815433,5.45005084157397,6.89524738033893,4.80614992460058,4.62458057950791,5.16968822395086,4.93892444654226,5.24206442499724,5.25012452394655,6.2395933511161,6.05107689203913,5.51925849430705,5.65301535760255,6.5672067455403,5.85741873647892,5.91908200861402,6.44829586361207,4.62869138102944,5.18082803775557,6.70476968398414,5.56248769141384,6.58524708964492,6.13815892625879,8.48516780966703,5.97792327654131,6.35167074881053,"not"
6.69230704263533,5.54189079937375,6.04810477115523,4.88692221040907,4.52200594472732,5.05605470428712,5.25884862263767,4.97735423952759,5.82862203585151,5.95612230296069,5.41356385455242,5.04825215766756,4.22624963310204,6.15960265938546,5.74168822105543,5.71538161049955,5.13926301669243,4.11577984294217,5.41115485981141,5.71508502616033,6.06562073238515,5.60086342064836,6.03495497818251,4.96675306627941,5.92495074304964,6.26059433525889,"not"
6.37405330888184,5.22531647366355,6.20245454224962,5.78809298536572,4.29837324967663,4.9110359288735,5.52704529615615,4.43935170129315,5.33883531485093,5.8463520660963,5.21025088767959,5.21188763854965,4.04917284357538,6.77817037443345,5.38403624195057,5.3366723204245,4.66835623044126,4.07124651097612,5.79809215412694,5.15606231896717,5.21846214129857,5.34333853219556,6.62393241685608,4.88143735562457,5.70414907411707,5.73921396648747,"not"
6.59119350697971,5.17778680991029,5.87242760063391,3.92917506424571,4.38651653994673,5.18436448647201,5.99483386457759,5.24026443509942,5.34986562842861,6.01288351448128,5.14405834751897,4.58220857435074,4.1652689005588,5.27637845902928,5.26004420432654,5.35408314445389,4.80849870992924,4.01204931949527,5.74008225938182,6.8711120412833,5.25216871052206,5.37300731217948,6.12488030804742,5.18369184070673,5.60016118640591,5.64339532464111,"not"
6.43960592949658,6.27600418728727,6.50529066488621,4.94035588108384,4.86891810814424,4.84693920142547,4.42424765010784,5.94753878253958,5.50849725147039,5.82043895005588,5.45979825747014,5.50805141095231,4.77575648656363,6.69395543892106,5.56302503693994,6.13690598275815,5.18105294638739,4.05681575032969,4.55650501400681,6.28163103085268,5.53315230645183,5.17660160786394,5.52182085307779,4.50103114624695,6.2236867623554,6.30753361900365,"not"
6.33740963143994,5.03980567139604,6.00084540891373,4.87294287544551,4.38726290146913,5.29856733530324,5.6980996915207,4.31855421171831,5.23596312480106,5.54650468830168,5.27994970918985,5.72109835242143,4.05837190176328,5.70504833977743,5.40204655231051,5.30360337097727,4.7901756379112,4.2640873368092,5.85813313448613,5.92417558029348,5.12199776194972,5.2604597239918,6.86001356499668,4.10214737428512,5.58330832118833,5.66642668811243,"not"
6.58783922919663,5.48740763053736,6.37669293371471,6.19507863381369,4.61798768969871,5.09233816140341,5.37592634587502,5.33628729779967,5.40784419107528,5.89841680605791,5.68863499532599,5.63368184697671,4.33060175268169,6.23912508583527,5.58071047706621,5.48338514901002,6.17301497332383,5.1749060216328,5.65735451827579,6.95755445773462,5.48487991759925,5.48483842640575,5.91978055780954,5.41823146321337,5.65220843911015,6.07444907722167,"not"
6.12669449636809,5.59050178819724,5.99667594415851,5.64412093059813,4.44406202559333,5.39349117341763,5.67586299465807,5.07016127341028,5.41374206796345,6.26005936132611,5.43372200355424,4.93655809069994,4.78164132910387,5.9729440974706,5.68320554766737,5.34219070099201,4.92551304067942,4.03069453514564,5.49540437554246,5.20466581046658,5.57795466641671,5.67880648858602,5.90041776608961,4.63879836696808,5.61283609295338,6.11673062594038,"not"
6.01390340238203,4.63762769553663,6.06437340775764,5.76654285333507,4.3943553231099,4.83216232199048,5.67454245493144,4.59274632848864,5.22412708331454,5.31193916712208,4.85999843356879,4.82859369810962,3.65216360117728,4.79686434902871,5.25427665584744,5.35937483584895,4.74717352759367,4.51575191475102,5.92863922427445,5.0505224517927,4.39505761150034,5.22930485201102,6.81664715814884,4.20323484093017,5.23570232766516,5.2425139166826,"pcr"
5.96137898115079,4.93160651666612,5.98602729199094,6.06094513297627,4.41061530629668,4.82069277137094,5.81684922089826,4.76539097678688,5.0875099117449,5.58190105207365,5.04685149822924,4.71013362282055,3.85892808909397,6.68388396291139,5.04954185534489,5.16785554368446,5.00547667795279,4.18772560971941,5.56019689816693,4.6758429789498,4.48722638741004,5.28719575000753,5.46418767390016,5.90409401472068,5.57019012779305,5.47688187446428,"pcr"
5.76393011999234,5.27509479791339,5.69389374190583,5.19923984923089,4.56499589832712,5.50648128122592,6.46240367613731,5.02172029449974,5.31926639529842,5.93358116465943,5.41871032671982,4.58459904345972,4.50973139791408,5.41958764802189,5.55547193021356,5.46928302180367,5.6914787601,3.91774062862339,5.31427929445828,4.92522263847032,5.07811324088625,5.25706298689613,5.63725085751059,4.51156475227808,5.772415725932,6.04788977556654,"pcr"
5.9990556615538,5.40007941548357,6.325734360174,5.36362043909168,4.49202164445422,4.73417886655163,5.60171283441931,4.75367639428732,5.17761758131025,5.52132890914948,5.13822490256501,4.67680223843784,4.06815629002365,4.8941913614411,5.56814601078023,5.11615979630755,5.42640270631126,3.8247315892312,4.95127445670111,4.87859612089167,4.84617723079124,5.01486633062407,6.31264002545529,4.42463463333881,5.59135631528345,5.91581924001407,"pcr"
6.38497683739025,4.92508466787236,5.56151205534855,4.55587909637646,4.70162516480535,4.89440854679468,5.57406475311585,5.49747965220464,5.00655364214334,5.82240959841441,5.04875925218737,5.54022378911313,5.20243952565464,5.99132703765399,5.20744582141405,7.0305391230599,4.69124535403753,4.80552810526814,6.09260994161134,6.39433128236735,5.36665802539055,5.97202430414267,6.9191896566078,5.58552432615158,6.19827137792598,5.38988418507346,"pcr"
5.1984141549035,4.94928457540194,5.86377605146672,5.7102117624211,4.46222317666816,5.28967008635549,5.89443589156969,4.44542739943707,5.22901015994869,5.85588820786179,5.37625940782762,5.1414179122995,3.25541602557891,4.92227027407242,4.99677298810311,6.27833941886092,4.90210271572579,4.48750089386267,5.88802995344899,5.55656547896516,4.61755319903342,5.17596892526872,6.57158439694907,4.57967902964651,5.57732694136991,5.54202404022246,"pcr"
6.05050674107504,5.21934450305374,6.14668679545771,5.90585219103206,4.49868459322386,4.98035476480572,5.93697140181161,4.92400202743209,5.1466685544381,5.634000005805,5.21666795214559,4.4794187366825,3.89521249727551,5.20045092228191,5.20736915949308,5.32652574281163,5.4978821097613,3.76900446609269,5.66324863306035,6.02365822452967,4.80886176851824,5.17172186492463,6.52615512397553,4.65687989366359,5.34273130231649,5.93497884812112,"pcr"
5.87556255368185,5.18882610888829,5.60706597311152,6.41211050743392,4.39848544233715,5.18231711578587,5.99352242821743,4.03285738100824,5.20197715644459,5.74690262638904,5.19626802954923,4.72593543708294,3.72631732895504,5.1253202021744,5.17331521063492,5.16882352631358,4.86771924107305,3.77053777905169,6.21127454831293,5.16735410202922,4.96185112990882,4.95193922808667,5.22603157936029,4.08192779220701,5.36268556068079,5.25658349806373,"pcr"
5.93833535797019,5.2911064301254,6.16023216283789,6.20317094279267,4.44700177922757,5.06711014102423,5.8123438620539,4.95396617229814,5.0282328776904,5.56586815770283,5.13287062577892,4.69994385826162,4.17730761691288,4.81038599131722,5.4635775354137,5.17202258353088,5.25321604646949,3.71444241954468,6.52190307429136,4.8391824581874,4.94014845004497,5.03142436280366,6.63094852199458,4.36817362326018,5.58851751598123,5.88171106314543,"pcr"
5.66349505944518,5.17233455442369,6.12616806502518,5.9706085652286,4.67145405811411,5.21348361680618,5.5192063782968,4.70018032078341,5.09329610999307,5.98820674623267,5.2743524890942,5.20177342597379,3.61840065775867,6.77968778915961,5.20411107723235,6.221093025754,5.43547047408836,3.94371932737111,5.80491506522137,6.40925669740581,4.96888231078484,4.93526498707148,6.23228690337603,5.31556771995456,5.29230432439091,5.40687576352853,"pcr"
5.77187716512154,4.46275948875697,5.43542797114448,6.0863337205924,4.27894962095098,4.8304314932733,6.56904794639386,3.81510453301432,5.03600410078009,5.20999968216485,4.842571609049,5.07686613245691,4.61359460074799,4.72826354135001,4.78056782770922,4.85261602982527,4.51619333326133,3.89476900761498,6.52731736163317,4.52607502924634,4.28545378303489,5.59266840195011,6.9958668838324,4.22995587364842,5.37798308009129,5.17608758374998,"pcr"
5.41077513700449,4.12358778069174,5.62565154947251,6.46931853152336,4.52506797654436,4.86671103461871,6.24122081764692,4.03121837660236,5.39277718489752,5.05453734038338,4.97263570173807,4.6544173885567,3.19844043742154,4.8088699256241,5.01965449851642,5.01684928056272,4.81428012519153,4.45372268261837,6.98069900223248,4.65046854661538,4.66580421952494,4.8009507624662,7.04093911121454,3.98073530422493,5.21359246449028,5.07059459659766,"pcr"
6.19341306217445,4.9021811090855,5.53095173721558,5.70891428436705,4.80367672316631,5.03379828212268,7.79378472192874,5.15048998579325,5.42107025422788,5.77421608555729,5.45870001582324,4.48339343606074,3.95517252914956,5.25105278808073,5.33617657635305,5.33538191068485,5.68159821352032,3.68252430285085,6.3199748140608,5.06009190280885,5.27283031347337,5.26983043964282,5.92621644094116,4.5567443554411,6.12069514204644,6.08338717745832,"pcr"
5.95134543051115,5.17614973257383,5.78391748576195,6.60245219777295,4.50080917066335,5.10533922956555,5.77402345581901,4.61591228251999,5.13279392802996,5.82549850667359,5.28244201738975,4.6703959709058,4.40720693320418,4.87641795197645,5.42820462738246,5.3165501348091,5.15622082611833,3.80976877138939,6.64120827906031,4.88189241820353,5.08183905310259,5.16404284072557,6.02310855244244,4.33244240531812,5.54888151343824,5.85799029570801,"pcr"
6.07403482700862,5.20921289146522,5.89789535091182,4.89544888428714,4.47858603387864,4.68941941843299,5.59675390189768,4.90978311909985,5.3338292875494,5.49042422407679,5.25478336452431,4.66400497170898,4.00204650807573,4.70020760132284,5.60994787231845,5.08883014168131,4.809457062452,4.0800765904244,6.13289900309565,5.11180704913263,5.12080423074639,5.22386318062309,6.10586408741648,4.39728463706286,5.51600606717928,5.91355705823146,"pcr"
5.87248391962469,5.24760285200353,6.08534188269933,5.02071762943777,4.46164617590205,5.02604922014861,5.83708884196443,5.31291036885094,5.38081858805978,5.99821669993052,5.43559797208207,5.33146196514034,4.3500198385388,6.36245897610092,5.71224655306833,5.92633918714752,5.25677896963953,3.91800507710569,5.69133870443186,5.49880622729744,5.22493989674326,5.27356350208181,6.08233305911237,6.14253190695731,5.71853971563111,5.8603587816983,"pcr"
6.34810699051858,5.22305488204749,5.99206436717995,6.4703195124442,4.35555431434277,4.8698394841308,6.69566293747994,4.7375133729758,5.03383085169944,5.38458680170021,5.27607175760072,4.4317687265687,3.79503964994233,5.2642951179336,5.37588007849583,5.12574810119676,4.95639027924386,3.8885496492425,6.6800262303263,4.73171472731305,4.97050750300548,5.49474726434382,6.54767454190857,4.38502214365368,5.56784819741537,5.67658255472955,"pcr"
5.76044632177374,5.12116243970544,5.78348666350024,6.33461089081689,4.28867703168219,4.74892414963279,6.28357430288691,4.8354879410503,5.34591634534732,5.66226579445327,5.21401141749478,4.4363964417394,4.00751498688737,4.77600940567301,5.42807288954057,5.02499831693202,4.92739860219246,3.67122451887522,6.53175188102359,4.79917324755588,4.88756329650626,5.01076861854149,6.5082473913481,4.24692257748904,5.3627933857324,5.9371139523579,"pcr"
6.14690724905793,5.22714354709351,5.91612119680419,5.07757717485002,4.39148179344464,4.86143898773413,5.84759417668828,4.31039635972255,5.03779640215863,5.89194803307074,5.40735112757216,4.76584241137699,3.90962012081184,5.43546720469527,5.33599843351573,5.1554280389978,5.05855206109238,4.03353242282534,5.62711738972072,5.42468566536284,5.04032353779808,5.12521319880369,6.45760133474888,4.32267464022361,5.45549204092003,5.89443038209477,"pcr"
6.15998294375825,5.25300614383803,6.00770692265385,4.95589747765692,4.45887192837079,5.03220107201082,5.65543221371515,5.1641572048611,5.02821322637032,5.66863877252062,5.28396486032364,4.99138451450412,4.19720194766181,6.17962320151923,5.44522761186266,5.15945751716462,4.97888659578168,4.12390336446365,5.344532790345,6.32048048305274,5.1478432531932,5.47629617390785,6.45263238042569,5.02827872926885,5.4506091768903,6.03279841060096,"pcr"
6.33409634604458,5.29816735529691,6.04647343013878,5.91687569011691,4.45225207956338,4.81664593243462,5.30673186514905,4.92703627021994,5.10448986956788,6.11759046174268,5.45958551414416,4.96067444494248,5.7566911303116,6.76975678082485,5.79450639606101,5.25295382479651,5.1844625428545,3.86157146193205,6.24352591857958,5.92412209863768,5.23105513948887,5.30722755267779,6.7546740271129,4.26493086279763,5.74901074725927,5.80570709437813,"pcr"
5.92243596069755,5.27325593595267,5.86149822064796,6.63757252966214,4.5503971601408,5.15010733938285,5.71201515958268,4.58741346439883,5.22633789675587,5.58975487850123,5.1885583025553,5.1467965589068,4.28757858313017,5.0952215105376,5.37444472693559,5.50411127952713,5.02583584479594,4.11202074723504,6.28077030067586,5.59538030080557,5.11781415556087,5.0762357511802,6.61931291758395,4.3406836711395,5.34147263686196,5.87397521831551,"pcr"
6.05223033543055,5.17190344169238,6.13740302751322,6.29334533895958,4.48604875508023,5.10866903436762,5.9855219246523,5.60237709010836,5.4195610738334,5.60329893607788,5.34027471630854,4.80410300858724,4.04969581055322,6.38968682244656,5.61316460207246,5.30146241569211,5.33131684481114,4.06164917938396,6.87285322697287,4.9988325819771,5.20904889878985,5.07335967066822,6.61345133022147,6.79589591369559,5.5117741522727,6.12005563148096,"pcr"
6.04123042558954,5.27959315754976,6.08963427088023,6.08324578022536,4.38389987905556,4.90141548910036,5.99495843636224,4.46912134152481,5.22585419481432,5.85246106702756,5.32661323570288,5.10533922956555,3.62726997248225,5.57859710923306,5.54020416067938,5.06909286366782,5.22107178493411,3.76584049525006,6.00615609585097,5.04303794520376,5.15750236990581,5.11277061439839,6.2305011324241,4.42028534679097,5.56609005600545,5.96424750081443,"pcr"
6.01993051941865,5.01827272122547,6.15719082755224,6.23631088006543,4.5063438316812,4.9152251092916,5.6392795084421,4.37475022570311,5.13084501260429,5.65996990169955,5.29616505197989,4.87580782383061,3.71235181029908,4.897541247926,5.40258728772383,4.98435976268399,4.97040340320838,3.81330703248899,6.57781963223303,4.83556736601361,5.02912987673242,5.04748139521692,6.29801130712797,4.58700621536042,5.36896220611737,5.850476853807,"pcr"
5.99819186785741,5.00696188872995,6.03461981742191,5.85618877679811,4.38052550854761,4.98709368551322,5.39157999700773,4.82847372450367,5.14341640533007,5.85122499069339,5.4542521681688,4.91976192374673,4.21582445975981,5.48968125132622,5.47369822566266,5.16301297451714,4.95378271583678,3.48920825898487,5.81791440870111,5.63246547590516,5.04831636106394,5.1066724822932,6.16604790780681,4.74249437685131,5.25379060116456,5.95482649601008,"pcr"
5.94999129890141,5.30891105475891,6.16259875826136,6.23193708054397,4.29660490261989,4.89798904254502,6.3353378992095,4.719302120033,5.07823163533306,5.74406032115477,5.17722260316998,4.52059220951279,4.1782260462028,5.44574550061447,5.38719782904191,5.11817343700186,5.04611504420584,4.17500246523956,5.72642420513703,4.56299310708891,5.12859609172982,5.06928148952899,6.10182006693557,5.11120434901795,5.61996598856309,5.86564618954776,"pcr"
6.19191249049,5.24222309219313,6.1380077922134,5.9222484364193,4.39974375547904,4.83881836994739,5.84450048159508,4.44053136404644,5.11108376539306,6.02031921801209,5.23676106084893,4.47460581596698,4.08631239052484,5.11529556463969,5.45566293727181,5.34967565882318,4.9730026526227,3.83535792049266,5.65315562481181,5.13031283034887,5.27387097364311,5.19273460397297,6.05867917178417,5.16203934825541,5.31924680972907,5.90184066959963,"pcr"
5.7349904017804,5.11078224270119,6.00556467148676,6.51760480098372,4.48153254552991,5.04316701909874,5.68391984555995,4.67665328760996,5.12883305855557,5.64654170448389,5.4195610738334,4.43188765384481,4.30095214489621,5.33431172677141,5.57818145807175,5.50618483030973,5.00033240110036,3.569814346955,6.13026950998516,4.99592766522398,5.03974091923491,5.11421422367165,6.11035807704839,5.30980117448932,5.42956490315771,5.76644423578091,"pcr"
5.87924724398694,5.03669282841555,5.97189939161314,5.53939906299326,4.4254452550414,5.03987041936459,6.06881902935452,4.99443815919368,5.26491568991401,5.51427516204752,5.35076749154896,4.58220857435074,4.26296152751494,6.29441693259561,5.4668357631983,5.53065849021629,5.46765921689389,4.04969581055322,5.76255440089944,6.54763153762964,5.16152351503004,5.40371288159338,6.04824650120696,4.40293159535378,5.77175260109547,5.94272063186905,"pcr"
6.14795534386742,5.46742702936976,6.05926337267242,6.1023348559394,4.50258359721299,5.08047225368504,5.62747721844613,4.72800709594715,5.31350150187308,5.56191164347073,5.44146487576652,4.56455650310279,4.12049951969895,4.82871365732363,5.14388331324097,5.26284561723978,5.13653346097163,3.81043314966651,5.77610313623583,5.50358203897495,5.28040794600447,5.2352710648304,6.50809827115695,4.68407378358356,5.4403810058115,5.99323797365712,"pcr"
6.16629981812807,5.19462213020927,5.80624880620069,5.85024654519244,4.50302671231939,5.0673306377728,6.1050164217921,4.75117348010793,5.22499370212919,5.94153873833826,5.3510521215319,4.78088664372991,5.36035275746749,5.54541179201803,5.54232180852958,5.21428337093803,5.06970576767324,3.90982058187295,6.38257714899175,5.12116243970544,5.38632824387075,5.35308960239502,6.20477996010321,4.42100693431477,5.70194745871047,5.73120307023219,"pcr"
6.13296410938168,5.12610454390237,5.92168565250007,5.81617322023523,4.21316409756408,4.96242496179183,5.92977529627514,4.53292202178047,5.26056357693612,5.71899944046106,5.10800395982453,4.79628629046354,3.98953944785597,6.22744534722368,5.27734906011184,5.59307435267178,4.84833202761605,3.98750146660405,6.98347480902146,5.24164118935448,5.02256386496153,5.1815026119562,6.4736128799871,4.13548650555328,5.64265147465197,5.82982758150686,"pcr"
6.2915135824595,5.26605240596076,5.78640646334016,5.8892241587864,4.46256921738907,5.06764554881304,5.69464081673892,4.87344005491841,5.3275848642286,5.85930364350564,5.23867351362052,4.88469407073841,4.53453310638865,5.35181073898804,5.47658906706671,5.15899782629862,5.04579327835207,3.83751495325308,6.31752563242888,5.34171204886723,5.56114306300095,5.49404861025191,6.62956138440266,4.10594369806545,5.35729357164833,6.09575699258187,"pcr"
